{
  "legemer": [
    {
      "navn": "Jorden",
      "x": 0,
      "y": 6378000,
      "radius": 6378000,
      "masse": 5.972000122070312E24,
      "farve": {
        "r": 0,
        "b": 50,
        "g": 150
      }
    },
    {
      "navn": "Månen",
      "x": 0,
      "y": -3.844E8,
      "radius": 1737400,
      "masse": 7.347000122070312E22,
      "farve": {
        "r": 100,
        "b": 100,
        "g": 100
      }
    }
  ],
  "scale": 1000,
  "raket": {
    "brænd mængde": 1,
    "vX": 825.7874037587814,
    "vY": -1733.3061716971222,
    "rotHast": -0.018009345129056678,
    "rot": 0.03950047282166967,
    "x": 23620.75133941666,
    "y": -33086.52500886563
  }
}