{
  "legemer": [
    {
      "navn": "Jorden",
      "x": 0,
      "y": 6378000,
      "radius": 6378000,
      "masse": 5.972000122070312E24,
      "farve": {
        "r": 0,
        "b": 50,
        "g": 150
      }
    },
    {
      "navn": "Månen",
      "x": 0,
      "y": -3.844E8,
      "radius": 1737400,
      "masse": 7.347000122070312E22,
      "farve": {
        "r": 100,
        "b": 100,
        "g": 100
      }
    }
  ],
  "scale": 1,
  "raket": {
    "brænd mængde": 0,
    "vX": 0,
    "vY": 0,
    "rotHast": 0,
    "rot": 0,
    "x": 0,
    "y": -2
  }
}